f1_score_1,0.06910474598407745,0.10650084167718887,0.15095195174217224,0.2007196992635727,0.18108409643173218,0.22417964041233063,0.2883607745170593,0.33985966444015503,0.3162260353565216,0.42405247688293457,0.41167375445365906,0.4617860019207001,0.48160457611083984,0.5105907917022705,0.5387822389602661,0.5313947796821594,0.5937550067901611,0.6267300844192505,0.6012352705001831,0.6701502799987793,0.6480503082275391,0.6745865345001221,0.6714534759521484,0.6862044930458069,0.7538299560546875,0.7267211079597473,0.761559784412384,0.783531665802002,0.7855919599533081,0.7945858836174011,0.832748532295227,0.7904647588729858,0.8208611011505127,0.8144041299819946,0.8467952013015747,0.867590606212616,0.8447065949440002,0.8426473140716553,0.8484707474708557,0.8743135929107666,0.8522600531578064,0.8496221303939819,0.8903254270553589,0.8721690773963928,0.8772699236869812,0.8752785325050354,0.8750137686729431,0.8826568722724915,0.8834563493728638,0.9056720733642578,0.918029248714447,0.9014151096343994,0.8870307207107544,0.893700361251831,0.8979274034500122,0.8930432200431824,0.8838292360305786,0.8786864876747131,0.9144278764724731,0.9068344831466675,0.9083309173583984,0.922504186630249,0.9057571887969971,0.8985429406166077,0.9121137261390686,0.9153060913085938,0.9224690198898315,0.9253634214401245,0.9233046770095825,0.9137541651725769,0.92312091588974,0.9219785332679749,0.9348795413970947,0.9268310070037842,0.8982821702957153,0.9285109043121338,0.924584686756134,0.9272798895835876,0.937298059463501,0.9330720901489258,0.9181880950927734,0.9112573266029358,0.9235720038414001,0.933849036693573,0.960834264755249,0.925700843334198,0.9208229780197144,0.9297173023223877,0.9225714206695557,0.9200479984283447,0.9234275817871094,0.9313210248947144,0.921137273311615,0.9383471608161926,0.9542862772941589,0.9394395351409912,0.9417895078659058,0.9450210928916931,0.9460942149162292,0.9349954128265381,0.9604189395904541,0.9284207820892334,0.9442183375358582,0.9365004301071167,0.9241106510162354,0.9433029890060425,0.9214747548103333,0.9395428895950317,0.9453511834144592,0.918236494064331,0.9384978413581848,0.9387824535369873,0.9439255595207214,0.9418618083000183,0.9251067042350769,0.9517961144447327,0.9450684785842896,0.9420800805091858,0.939971387386322,0.9452082514762878,0.9343727827072144,0.9668799638748169,0.937414288520813,0.9504880905151367,0.9338718056678772,0.943963885307312,0.9453549981117249,0.951797604560852,0.9239229559898376,0.9319369792938232,0.940517008304596,0.9444760084152222,0.9474351406097412,0.9481220245361328,0.9287027716636658,0.9494268894195557,0.9421083927154541,0.9542850852012634,0.9412675499916077,0.9186460971832275,0.9238753914833069,0.9365162253379822,0.9442386627197266,0.950120210647583,0.9436585903167725,0.9319685697555542,0.9368175864219666,0.9558354616165161,0.9603291749954224,0.9552333354949951,
f1_score_2,0.09107991307973862,0.13592377305030823,0.13502132892608643,0.2085941582918167,0.21411451697349548,0.2484745979309082,0.33563166856765747,0.3478493392467499,0.3898650109767914,0.41246044635772705,0.46387726068496704,0.48403432965278625,0.5294107794761658,0.5712078213691711,0.5457295775413513,0.5978878140449524,0.6219128370285034,0.6538599133491516,0.6686014533042908,0.7098836302757263,0.7182067036628723,0.7347072958946228,0.7509914040565491,0.7423323392868042,0.7817652821540833,0.7783582210540771,0.8065493702888489,0.7875581979751587,0.8499042391777039,0.8315285444259644,0.8351364731788635,0.8707169890403748,0.8707870841026306,0.8903464078903198,0.8530222773551941,0.8538832664489746,0.8860446214675903,0.8943000435829163,0.9011069536209106,0.8579768538475037,0.9100649952888489,0.8934582471847534,0.9298771619796753,0.9114381074905396,0.9298779368400574,0.9149671196937561,0.9088303446769714,0.9001107811927795,0.9312378764152527,0.9133879542350769,0.929493248462677,0.9287785291671753,0.936919093132019,0.9167540073394775,0.9146357774734497,0.9381749033927917,0.9180605411529541,0.9165927171707153,0.9180898666381836,0.9418423771858215,0.9086655378341675,0.9097073078155518,0.9319643378257751,0.9343869090080261,0.9346095323562622,0.9486759901046753,0.94584059715271,0.9291756749153137,0.9505026936531067,0.9485041499137878,0.9477552771568298,0.9394721984863281,0.9352344870567322,0.9353004097938538,0.9550496339797974,0.9262099862098694,0.9397634863853455,0.9487521052360535,0.9557130336761475,0.9387432932853699,0.9436890482902527,0.9541191458702087,0.9337075352668762,0.9366042017936707,0.9432414174079895,0.9368287324905396,0.9635266065597534,0.9577715992927551,0.9490582942962646,0.9419177174568176,0.9475744962692261,0.944642186164856,0.9467875361442566,0.9498827457427979,0.9433104991912842,0.9480597376823425,0.9306617379188538,0.94271320104599,0.9469980597496033,0.9709622859954834,0.9466531276702881,0.9435948133468628,0.9496085047721863,0.9705864787101746,0.9477965831756592,0.9425246715545654,0.9579495191574097,0.9667847752571106,0.9444558620452881,0.9466809034347534,0.9514557719230652,0.9465692043304443,0.944446325302124,0.9573196768760681,0.9582535624504089,0.9400036334991455,0.9568361639976501,0.9594576954841614,0.9503074288368225,0.9659348726272583,0.9537068605422974,0.9518093466758728,0.946019172668457,0.966130793094635,0.9606473445892334,0.9721795320510864,0.9609558582305908,0.9491803050041199,0.9558408260345459,0.9612756371498108,0.9476025104522705,0.9531211853027344,0.9570615291595459,0.9715359210968018,0.9481809139251709,0.9557223916053772,0.9746478199958801,0.9625572562217712,0.9402605891227722,0.9664876461029053,0.9692586064338684,0.9386274814605713,0.9600421190261841,0.9622456431388855,0.9621970057487488,0.9716521501541138,0.9577463865280151,0.965453565120697,0.9695822596549988,0.969122588634491,
f1_score_3,0.07539816945791245,0.08969446271657944,0.17162950336933136,0.20630775392055511,0.1837117075920105,0.2526252865791321,0.24677392840385437,0.3182560205459595,0.34858033061027527,0.36949285864830017,0.42058101296424866,0.390384703874588,0.41748183965682983,0.47338423132896423,0.44981732964515686,0.4760698080062866,0.5159233212471008,0.544785737991333,0.5500685572624207,0.6072404384613037,0.5890331268310547,0.571431577205658,0.6295564770698547,0.662106454372406,0.661325216293335,0.6540253758430481,0.6818482279777527,0.7327417731285095,0.6889625191688538,0.6995558142662048,0.700951874256134,0.7363693714141846,0.7557535171508789,0.7310805916786194,0.7931501269340515,0.7762203216552734,0.80812668800354,0.7923257350921631,0.7789241075515747,0.8136599063873291,0.7731074690818787,0.8447441458702087,0.837590754032135,0.8221801519393921,0.879683792591095,0.8261849284172058,0.8163151144981384,0.8297246694564819,0.8569437861442566,0.8751556277275085,0.8439154624938965,0.8586671948432922,0.879375696182251,0.8724043965339661,0.8655269742012024,0.8918265104293823,0.8756565451622009,0.8491601347923279,0.8731082677841187,0.8385587334632874,0.8818336129188538,0.8487250804901123,0.8842440843582153,0.8712036609649658,0.8906285166740417,0.8859169483184814,0.8953675031661987,0.8637645244598389,0.8928502202033997,0.8840157389640808,0.8915007710456848,0.8709861636161804,0.8741689920425415,0.8754127025604248,0.8823373317718506,0.8958202004432678,0.8892053961753845,0.8748843669891357,0.9161555767059326,0.8946486711502075,0.8778957724571228,0.8950812816619873,0.9100933074951172,0.8944339752197266,0.8998425006866455,0.9029688239097595,0.8747257590293884,0.9178213477134705,0.9188215732574463,0.8748345971107483,0.8997090458869934,0.9094634652137756,0.8683059215545654,0.9070862531661987,0.9257864356040955,0.8780311942100525,0.9152088165283203,0.8860495090484619,0.8700840473175049,0.9375700354576111,0.936816930770874,0.9198917746543884,0.899520218372345,0.8745947480201721,0.9110652208328247,0.9136390686035156,0.9290601015090942,0.9310399293899536,0.9314715266227722,0.9319272637367249,0.8950417041778564,0.9300479888916016,0.9426060914993286,0.9310330152511597,0.8902211785316467,0.9242518544197083,0.9169435501098633,0.9244204759597778,0.9155884981155396,0.9093663096427917,0.9043846130371094,0.9236218929290771,0.9168169498443604,0.9157829284667969,0.931400716304779,0.9233718514442444,0.9253662824630737,0.9208841323852539,0.9146836400032043,0.9329673051834106,0.9128026962280273,0.9153234958648682,0.9087752103805542,0.9155694246292114,0.9209209084510803,0.9255831241607666,0.919093668460846,0.9170128703117371,0.8892678022384644,0.9313067197799683,0.9564023613929749,0.9071215391159058,0.9133045673370361,0.9214658737182617,0.9163777828216553,0.95276939868927,0.9271390438079834,0.9176702499389648,0.9250552654266357,0.9261766076087952,
f1_score_4,0.07203579694032669,0.15309131145477295,0.17785292863845825,0.20135349035263062,0.24289533495903015,0.25563398003578186,0.3465023934841156,0.3633047640323639,0.424744188785553,0.42437800765037537,0.4802907705307007,0.5176255106925964,0.517162561416626,0.5610792636871338,0.5822720527648926,0.5903289318084717,0.6212656497955322,0.6782864332199097,0.6668069958686829,0.6721820831298828,0.7157055735588074,0.7454375624656677,0.7289286851882935,0.764970600605011,0.7523133754730225,0.8243557810783386,0.7803716063499451,0.7993897199630737,0.8208838701248169,0.8500179648399353,0.8384162783622742,0.839841365814209,0.8466456532478333,0.8629138469696045,0.8637158870697021,0.8697053790092468,0.8662145137786865,0.8747132420539856,0.9011838436126709,0.8825611472129822,0.8587395548820496,0.8866204023361206,0.9117608666419983,0.900985836982727,0.9037269949913025,0.9060137271881104,0.9035998582839966,0.9060584306716919,0.907683253288269,0.906060516834259,0.9340449571609497,0.9446577429771423,0.9217608571052551,0.9171387553215027,0.9056556224822998,0.9151623845100403,0.9331257939338684,0.8937796354293823,0.9491564631462097,0.9361286163330078,0.8981084823608398,0.9028064012527466,0.9364809393882751,0.9232937693595886,0.9384016394615173,0.9223524928092957,0.9398205876350403,0.9394280910491943,0.9463934302330017,0.9358609318733215,0.9483850002288818,0.9230416417121887,0.9260711669921875,0.94685298204422,0.9326261878013611,0.9421260356903076,0.941182017326355,0.9505891799926758,0.9307932257652283,0.9422006607055664,0.9553349614143372,0.9402716159820557,0.9558238983154297,0.92672199010849,0.9508697986602783,0.938762903213501,0.935455858707428,0.9297520518302917,0.9353223443031311,0.9329860210418701,0.943831205368042,0.9391129016876221,0.9372889995574951,0.9559857845306396,0.915725827217102,0.9464690685272217,0.9336044788360596,0.9597433805465698,0.9406744837760925,0.9525750279426575,0.9438862204551697,0.9532463550567627,0.9371331334114075,0.9489455819129944,0.9719505310058594,0.9483987092971802,0.9401959180831909,0.9275109171867371,0.957854151725769,0.9418913722038269,0.9598759412765503,0.9349164962768555,0.9718496799468994,0.9488350749015808,0.9480546116828918,0.962738573551178,0.9483749866485596,0.9622570872306824,0.9518917798995972,0.9469053745269775,0.9295905232429504,0.9583148956298828,0.9514918923377991,0.95860755443573,0.950890839099884,0.946258544921875,0.9464006423950195,0.9551324844360352,0.9494601488113403,0.9645377397537231,0.9655565619468689,0.955678403377533,0.9725124835968018,0.9573954343795776,0.9607354402542114,0.974176824092865,0.9792957305908203,0.9581168293952942,0.9581505656242371,0.9574560523033142,0.9768101572990417,0.9671862721443176,0.9326320290565491,0.9857354760169983,0.9390624165534973,0.9564239978790283,0.9576504230499268,0.9458026885986328,0.9529346823692322,0.9564338326454163,
f1_score_5,0.06121869757771492,0.09274043887853622,0.10171768069267273,0.13903367519378662,0.16566139459609985,0.23193451762199402,0.24187766015529633,0.2970345616340637,0.30721011757850647,0.36409878730773926,0.4197326898574829,0.4373990297317505,0.48025310039520264,0.5317736268043518,0.5156322121620178,0.5304449796676636,0.5615401268005371,0.5734843015670776,0.6142126321792603,0.6357638835906982,0.6360304355621338,0.661777675151825,0.6938910484313965,0.7356937527656555,0.7047111988067627,0.7409514784812927,0.7599438428878784,0.7380118370056152,0.7795917987823486,0.7908921837806702,0.7871738076210022,0.7791575193405151,0.8339549899101257,0.7726256847381592,0.805130660533905,0.8321719169616699,0.8005589246749878,0.8004675507545471,0.8662497401237488,0.8222145438194275,0.8428604602813721,0.8888794779777527,0.8476278781890869,0.8693132996559143,0.8521563410758972,0.8958762288093567,0.8904581069946289,0.8703381419181824,0.8742035031318665,0.8816636204719543,0.8743007779121399,0.8892112374305725,0.8705769181251526,0.8835737705230713,0.8424641489982605,0.9088032841682434,0.8730207085609436,0.8951960802078247,0.8810874819755554,0.8883640766143799,0.9082351326942444,0.8817132115364075,0.8949363231658936,0.896965742111206,0.8834018111228943,0.901749849319458,0.9145973920822144,0.9023658037185669,0.9059317111968994,0.9292813539505005,0.8999881744384766,0.9035404920578003,0.9076584577560425,0.8727924823760986,0.9118457436561584,0.9017562866210938,0.893713653087616,0.8998935222625732,0.9327874779701233,0.8926266431808472,0.9049400687217712,0.9016809463500977,0.9173884987831116,0.9104835987091064,0.9066898822784424,0.9189991354942322,0.9239766001701355,0.9326798319816589,0.9416069388389587,0.9214078187942505,0.9309079647064209,0.9165719151496887,0.944747269153595,0.9277377724647522,0.91713547706604,0.9598602652549744,0.9296199083328247,0.9460468292236328,0.9187607169151306,0.9069592952728271,0.9221004843711853,0.9162785410881042,0.9368933439254761,0.9354190826416016,0.9379928112030029,0.9419412612915039,0.9207969307899475,0.9488861560821533,0.9362390041351318,0.9493377208709717,0.9411876201629639,0.9258586168289185,0.9434837698936462,0.9604727625846863,0.9346389770507812,0.9255774617195129,0.9434252977371216,0.9392426013946533,0.9231555461883545,0.9428336024284363,0.9448897838592529,0.944916844367981,0.9423351287841797,0.9456830620765686,0.9307960867881775,0.9445514678955078,0.9425788521766663,0.9380154013633728,0.9259674549102783,0.9528844356536865,0.9273021221160889,0.9286010265350342,0.9313662052154541,0.932087779045105,0.9265170693397522,0.9565719962120056,0.932252049446106,0.9477157592773438,0.9538118839263916,0.9188963770866394,0.9457005262374878,0.9571805596351624,0.9602096080780029,0.9423873424530029,0.919816255569458,0.9530136585235596,0.9347665309906006,0.9410552978515625,0.9377867579460144,0.9424822330474854,
average,0.07376746460795403,0.11559016555547715,0.1474346786737442,0.19120175540447235,0.19749341011047364,0.24256960451602935,0.29182928502559663,0.3332608699798584,0.35732513666152954,0.3988965153694153,0.43923109769821167,0.45824591517448426,0.4851825714111328,0.5296071469783783,0.5264466822147369,0.5452252626419067,0.582879388332367,0.6154292941093444,0.6201849818229676,0.659044063091278,0.6614052295684815,0.6775881290435791,0.6949642181396485,0.7182615280151368,0.7307890057563782,0.7448823928833008,0.7580545663833618,0.7682466387748719,0.7849868774414063,0.7933160781860351,0.7988853931427002,0.8033100008964539,0.8256004691123963,0.8142741322517395,0.8323628306388855,0.8399142980575561,0.8411302685737609,0.8408907771110534,0.8591870784759521,0.8501452088356019,0.8474065065383911,0.8726648807525634,0.8834364175796509,0.8752172946929931,0.8885429978370667,0.8836641073226928,0.8788434386253356,0.8777777791023255,0.8907049536705017,0.8963879585266114,0.899956738948822,0.9045459628105164,0.8991326570510865,0.8967142581939698,0.8852419853210449,0.9094020605087281,0.8967385649681091,0.8866830110549927,0.9071739912033081,0.9023456573486328,0.9010347366333008,0.8930912375450134,0.9106765747070312,0.9048786044120789,0.9118310451507569,0.9148002743721009,0.923619019985199,0.9120195031166076,0.923796546459198,0.9222832679748535,0.9221500277519226,0.9118038058280945,0.9156025290489197,0.9114379167556763,0.9160282135009765,0.9188846826553345,0.917689847946167,0.9202798128128051,0.9345494747161865,0.9202582716941834,0.9200095891952514,0.920482063293457,0.9281170487403869,0.9204185605049133,0.9322955727577209,0.9246520876884461,0.9237015604972839,0.9335484266281128,0.9334761142730713,0.9182388305664062,0.9290900588035583,0.9282222986221313,0.9236533999443054,0.9358079433441162,0.9312489032745361,0.9343719601631164,0.9301768898963928,0.9359148025512696,0.9245223045349121,0.9406124114990234,0.9419751405715943,0.9322864532470703,0.9334747076034546,0.9332092642784119,0.9385831594467163,0.9379613399505615,0.9338954448699951,0.9427529335021972,0.9430743455886841,0.9376147508621215,0.9372117757797241,0.9352349519729615,0.949262285232544,0.9479044675827026,0.9312550067901612,0.9408735275268555,0.9421296954154968,0.9454915881156921,0.9361829280853271,0.9420496821403503,0.9333889126777649,0.9491085886955262,0.9388154864311218,0.9473384857177735,0.9415213584899902,0.9460650563240052,0.944131326675415,0.9430019855499268,0.9339750051498413,0.9487204194068909,0.9387561798095703,0.9394400238990783,0.9434301137924195,0.9449421167373657,0.9370114207267761,0.9522962450981141,0.9494795322418212,0.9479375600814819,0.9365516781806946,0.9385585784912109,0.954409408569336,0.9413264155387878,0.9420853972434997,0.9523909091949463,0.9362224102020263,0.9531655550003052,0.9428239941596985,0.9451634526252747,0.9491376280784607,0.9498897194862366,
std,0.009844706620835806,0.02488013175531811,0.027448737089938686,0.026252026359863283,0.02760461586303292,0.012312265832770888,0.043462577339882166,0.023222807826001675,0.044455134480507315,0.02661415405087116,0.027498184735310183,0.04299592429782541,0.0389854972119869,0.03535093177511146,0.04388502807841346,0.04472113867540325,0.04013445717914323,0.04960954487660192,0.04433698324653827,0.03494624299811291,0.04946693879003929,0.06228055612731736,0.04271933957108518,0.03806854256227923,0.04265685103143593,0.05663379275040953,0.04164866915288755,0.027390504188326645,0.05431944093739055,0.05191102250290894,0.052443644496225295,0.0471330736464805,0.03861498743835729,0.05798032121584037,0.02791898074641305,0.034541238281952054,0.03284685324315351,0.0399804823316033,0.04500637656041004,0.02759542663656761,0.04386136025153113,0.020978892315306908,0.03575066982887986,0.03109035975669535,0.026338896941973635,0.031631294236904556,0.03338099177763932,0.027154422600344272,0.026060840550606108,0.015075616265557097,0.03509951745474981,0.030152908896637794,0.025659597740237954,0.017840835146723744,0.027056446094309284,0.016958348830624973,0.024299366845655375,0.022312936037355503,0.027478291847226558,0.03737829587144317,0.010397645882982197,0.025820205803466598,0.02044341711922328,0.02212064276579356,0.022283197396946584,0.021021018474207558,0.01809502560892103,0.027001340547101307,0.022364734907726298,0.022172100419761653,0.023560007982435092,0.023365428548734347,0.02300632790449036,0.03115085330123483,0.025556426284568532,0.017388714713081593,0.022239101829541984,0.02917079907511692,0.012735780060061085,0.021939539359182608,0.027613694261244638,0.0228335594803218,0.015871594241114544,0.01584921472929819,0.02444636412920274,0.013043047791288238,0.02874435190995038,0.013144942273283361,0.011366539690561325,0.023131849765648454,0.017073887537960415,0.01330748144808477,0.02910581869689356,0.017330644001764102,0.015140646884839909,0.02892511436443659,0.008616145175938266,0.025636494829620708,0.029079613219499752,0.02115447012773571,0.012548454879368603,0.014085604102232299,0.017627838709531534,0.03192511374223189,0.02081013031411414,0.012375043807576397,0.013910568720335286,0.01410647897902663,0.009020892953548848,0.011364655601659343,0.022415762605530635,0.007155022077129613,0.011309824630759774,0.010664275599016091,0.02342723488965026,0.01488885156287874,0.0134159668156201,0.013934231965045212,0.014522156833935092,0.018291385962969534,0.016743561171610598,0.014662976085366417,0.011923684094718294,0.017254311678809826,0.012079445524234112,0.015515738446009543,0.011351203363791695,0.012463939977012947,0.01584440039606663,0.013820308365568159,0.01791310868161708,0.01533173880398845,0.02188213965222109,0.019495724676972387,0.015004374871547908,0.015688239524217742,0.023651084421513487,0.016211290800522003,0.02464218753526584,0.019863765326947818,0.018624902215628375,0.020593600048162,0.01773848791722792,0.02130990922713577,0.016739254286166218,0.01266383706625549,0.01256597072891715,0.016116713022269493,0.01591511072936455,0.014549676525719884,

val_f1_score_1,0.055036820471286774,0.053938064724206924,0.05871039628982544,0.13960236310958862,0.149140864610672,0.24809060990810394,0.2731320858001709,0.2861459255218506,0.32314541935920715,0.2629489004611969,0.32629093527793884,0.32934778928756714,0.31231486797332764,0.3224058449268341,0.3842473328113556,0.32907187938690186,0.3967752456665039,0.388149619102478,0.40272578597068787,0.40537914633750916,0.4176102876663208,0.46292468905448914,0.44573381543159485,0.5072001218795776,0.47299495339393616,0.4007294774055481,0.4272250831127167,0.5222662687301636,0.4508247375488281,0.468881756067276,0.5018181800842285,0.46355172991752625,0.5247254967689514,0.43990859389305115,0.5065707564353943,0.49227237701416016,0.5383878946304321,0.575148344039917,0.5196012258529663,0.5578172206878662,0.5326545238494873,0.48927825689315796,0.562445878982544,0.5297544598579407,0.48240721225738525,0.48385921120643616,0.5231178402900696,0.574804961681366,0.5671641230583191,0.47597694396972656,0.5772919654846191,0.5699187517166138,0.5254248380661011,0.5874636769294739,0.6087886691093445,0.497469961643219,0.5688291788101196,0.4975094199180603,0.5425046682357788,0.5283387899398804,0.5424019694328308,0.558765172958374,0.5390026569366455,0.5542928576469421,0.5560576915740967,0.509627103805542,0.6026924848556519,0.5630242824554443,0.5235650539398193,0.5451035499572754,0.5220575928688049,0.5264632701873779,0.5706332921981812,0.560133695602417,0.5858666300773621,0.5859869718551636,0.5478161573410034,0.5447110533714294,0.5240851044654846,0.575938880443573,0.5417928099632263,0.5292794704437256,0.5622842907905579,0.5818803310394287,0.6099755764007568,0.5125373601913452,0.572824239730835,0.5578981637954712,0.5241310596466064,0.5937426686286926,0.5355393290519714,0.5567095875740051,0.5315181612968445,0.5730328559875488,0.5616108179092407,0.5909881591796875,0.5793883204460144,0.6082233786582947,0.54826819896698,0.5993251800537109,0.5802821516990662,0.5435248017311096,0.5453256964683533,0.5275654196739197,0.5197886824607849,0.5813226103782654,0.6011785864830017,0.5366834998130798,0.6134855151176453,0.5833535194396973,0.514222264289856,0.6243021488189697,0.597465991973877,0.5290882587432861,0.5630282759666443,0.5897549986839294,0.5681771039962769,0.5867705941200256,0.47725290060043335,0.5662922263145447,0.5752233266830444,0.5890376567840576,0.5963520407676697,0.5886815190315247,0.5802969336509705,0.5511142015457153,0.5841894149780273,0.5906598567962646,0.6042178273200989,0.5789303183555603,0.5134719610214233,0.5452316999435425,0.5857161283493042,0.5634679794311523,0.575237512588501,0.5809483528137207,0.5170136094093323,0.5975949764251709,0.606705904006958,0.5217877626419067,0.578696608543396,0.5799117684364319,0.566413938999176,0.580912172794342,0.5804922580718994,0.5150083303451538,0.6074560880661011,0.6218133568763733,0.6036298871040344,0.5907564759254456,
val_f1_score_2,0.09850692749023438,0.09218018501996994,0.0958825945854187,0.19763967394828796,0.17155039310455322,0.1806308478116989,0.2701776325702667,0.29444658756256104,0.27983006834983826,0.4164542555809021,0.47362402081489563,0.513062059879303,0.4623928666114807,0.47870105504989624,0.5419626832008362,0.5638633966445923,0.5464736819267273,0.5870559215545654,0.5072695016860962,0.6059048771858215,0.5629454255104065,0.6180911660194397,0.5998640656471252,0.6029965281486511,0.6033649444580078,0.6225991249084473,0.5965166091918945,0.6199219226837158,0.6143484115600586,0.5569775700569153,0.6523433923721313,0.6380728483200073,0.6835753917694092,0.634527862071991,0.6471461653709412,0.6345528960227966,0.6339640021324158,0.6500587463378906,0.5867804288864136,0.6686747074127197,0.645955502986908,0.7099637985229492,0.6684576272964478,0.6324434280395508,0.7389616370201111,0.6136929988861084,0.6719810366630554,0.6443612575531006,0.6908085346221924,0.6219006180763245,0.6314106583595276,0.7062880992889404,0.6617974042892456,0.6662291884422302,0.6753153800964355,0.684227705001831,0.6555872559547424,0.6902627348899841,0.6748146414756775,0.6754264235496521,0.7286726236343384,0.6382895708084106,0.6895706057548523,0.7077394127845764,0.7061499357223511,0.6150169968605042,0.6452260613441467,0.6227763295173645,0.6852346062660217,0.6922771334648132,0.6919160485267639,0.7124354243278503,0.7136174440383911,0.707806408405304,0.6903438568115234,0.6857230067253113,0.6814724802970886,0.7167036533355713,0.7129665613174438,0.6974720358848572,0.678158164024353,0.6808291077613831,0.6441258788108826,0.6983386278152466,0.6579270362854004,0.6561610698699951,0.7155219316482544,0.7134430408477783,0.7107892632484436,0.7154930830001831,0.7127899527549744,0.7298734784126282,0.7133086919784546,0.7270621657371521,0.749626100063324,0.6869184970855713,0.6764127612113953,0.6923153400421143,0.7351882457733154,0.6507751941680908,0.6455102562904358,0.6588394641876221,0.693194568157196,0.6299331188201904,0.6563684940338135,0.7302163243293762,0.696278989315033,0.6913911700248718,0.6952089667320251,0.6950653195381165,0.6642263531684875,0.68562912940979,0.7163620591163635,0.7447362542152405,0.7410193085670471,0.7222760319709778,0.6702431440353394,0.6441110968589783,0.7013490200042725,0.7083194255828857,0.647916316986084,0.6385648250579834,0.6831108331680298,0.725600004196167,0.6814453601837158,0.6973492503166199,0.6767597198486328,0.6882394552230835,0.7069923281669617,0.7440590858459473,0.7369608283042908,0.6960176229476929,0.6947916150093079,0.6609925627708435,0.7457456588745117,0.7199323177337646,0.7484225630760193,0.7444605827331543,0.7335804104804993,0.6901378035545349,0.7456813454627991,0.7083206176757812,0.7439167499542236,0.7027300596237183,0.6958485245704651,0.7032186985015869,0.7277005910873413,0.73143470287323,0.7586745023727417,0.729422390460968,
val_f1_score_3,0.13184715807437897,0.12927044928073883,0.08801741898059845,0.23270119726657867,0.23854923248291016,0.23769190907478333,0.19329126179218292,0.2670942544937134,0.29244092106819153,0.31959888339042664,0.2834048867225647,0.33531421422958374,0.29768499732017517,0.3366815149784088,0.3437536656856537,0.3563365042209625,0.35185641050338745,0.38026487827301025,0.4133690297603607,0.4726201593875885,0.4600512683391571,0.50614333152771,0.39987099170684814,0.5122719407081604,0.5113558769226074,0.49361371994018555,0.4975475072860718,0.48817476630210876,0.5168731808662415,0.5056800842285156,0.554203987121582,0.543891429901123,0.5294768810272217,0.5783482193946838,0.5477316975593567,0.5457668304443359,0.5265106558799744,0.5251562595367432,0.6023112535476685,0.5518022179603577,0.5945515632629395,0.6002483367919922,0.5992559790611267,0.5875891447067261,0.5892269611358643,0.610783576965332,0.5538829565048218,0.5943329334259033,0.5759434103965759,0.6029832363128662,0.6428360342979431,0.5655847191810608,0.603392481803894,0.6173398494720459,0.5470311641693115,0.6160117387771606,0.60239577293396,0.627373218536377,0.5265596508979797,0.6207020878791809,0.6044600605964661,0.5823441743850708,0.6074376106262207,0.6594521403312683,0.606497049331665,0.6010528802871704,0.6004630327224731,0.5883833765983582,0.5662198066711426,0.5848634243011475,0.5974203944206238,0.6446468234062195,0.5433772206306458,0.5320883393287659,0.6203097701072693,0.5912010669708252,0.5566408634185791,0.5821028351783752,0.561012864112854,0.5764075517654419,0.615252673625946,0.5731189250946045,0.624625563621521,0.582836389541626,0.6433025598526001,0.5620729923248291,0.5757527947425842,0.630859375,0.586340606212616,0.5731035470962524,0.5689821243286133,0.5573161840438843,0.6080514788627625,0.4991762340068817,0.5793312788009644,0.586689829826355,0.6303303241729736,0.5567629933357239,0.6175341010093689,0.5822006464004517,0.5779341459274292,0.6218621730804443,0.6174905896186829,0.5524156093597412,0.5580459833145142,0.6296082139015198,0.5866442322731018,0.6024390459060669,0.6046690344810486,0.5879448652267456,0.6033156514167786,0.5823781490325928,0.5623015761375427,0.5529842376708984,0.6610870361328125,0.6117750406265259,0.6054403781890869,0.6134951114654541,0.5970433950424194,0.597194254398346,0.5986146926879883,0.5689394474029541,0.5949994325637817,0.6531577706336975,0.6386918425559998,0.5815861225128174,0.6076862215995789,0.6118414402008057,0.5948984026908875,0.5895826816558838,0.5862538814544678,0.5807837247848511,0.5561665892601013,0.5886394381523132,0.5717508792877197,0.5741140246391296,0.6178264617919922,0.610855758190155,0.6341493129730225,0.6070915460586548,0.6491819620132446,0.6305835843086243,0.5524424314498901,0.5667456984519958,0.6176473498344421,0.6212795972824097,0.5642697811126709,0.571809709072113,0.6312958598136902,0.5495405197143555,
val_f1_score_4,0.13114997744560242,0.09001589566469193,0.09798957407474518,0.1252116709947586,0.19039304554462433,0.29525646567344666,0.28574949502944946,0.2697097361087799,0.3385521471500397,0.3608381152153015,0.39558154344558716,0.4277057647705078,0.5068394541740417,0.46627166867256165,0.5105174779891968,0.49423497915267944,0.5277361273765564,0.5902658700942993,0.5306034684181213,0.5535793900489807,0.6352924108505249,0.5881553292274475,0.6176767349243164,0.6294090151786804,0.6260114908218384,0.651856005191803,0.5679819583892822,0.6806631684303284,0.6836621761322021,0.6407777667045593,0.6509456634521484,0.649091899394989,0.6738488674163818,0.6866011619567871,0.6770455837249756,0.6800716519355774,0.645118772983551,0.6376950740814209,0.6899005174636841,0.6581236720085144,0.665848970413208,0.703151285648346,0.6424604654312134,0.7150503993034363,0.6443162560462952,0.6645312309265137,0.6654861569404602,0.6442797183990479,0.6821585893630981,0.6856932044029236,0.6325119137763977,0.6677282452583313,0.6748855113983154,0.6562681198120117,0.6088664531707764,0.7285550832748413,0.6865752935409546,0.6751754879951477,0.6857768893241882,0.671104907989502,0.6656291484832764,0.692317545413971,0.7393297553062439,0.6607780456542969,0.6397138237953186,0.6700499653816223,0.659530758857727,0.6685864925384521,0.7011187076568604,0.6772277355194092,0.6877262592315674,0.6619465351104736,0.6681340336799622,0.7173803448677063,0.6900937557220459,0.6871651411056519,0.6953336596488953,0.6665078997612,0.7127890586853027,0.6772059798240662,0.668694257736206,0.6769454479217529,0.6331489086151123,0.6682888269424438,0.6912251114845276,0.6096906661987305,0.5967921614646912,0.6887574195861816,0.6605212092399597,0.6616165637969971,0.6536936163902283,0.6736220121383667,0.6527973413467407,0.7046355605125427,0.696470320224762,0.6209068298339844,0.6653315424919128,0.6822043657302856,0.6578748226165771,0.6610840559005737,0.6642086505889893,0.706659734249115,0.6659923195838928,0.6587080955505371,0.6820861101150513,0.6766483783721924,0.673331618309021,0.6677591800689697,0.6836651563644409,0.6797359585762024,0.6999272108078003,0.6739551424980164,0.6762990951538086,0.664684534072876,0.6734277606010437,0.6296505331993103,0.6694301962852478,0.638616681098938,0.6482892632484436,0.6720197796821594,0.6684362888336182,0.623471736907959,0.7041776180267334,0.6875991821289062,0.6719251871109009,0.6552984118461609,0.675635576248169,0.6866737008094788,0.6723119020462036,0.6680133938789368,0.6792147159576416,0.6667747497558594,0.6756961345672607,0.6998702883720398,0.7033417820930481,0.6894212961196899,0.6947076320648193,0.696306049823761,0.6978943347930908,0.6827418804168701,0.6898797750473022,0.6960354447364807,0.7185862064361572,0.7122330665588379,0.6728653907775879,0.6520761251449585,0.6722024083137512,0.6882767677307129,0.6649518609046936,0.7026035189628601,
val_f1_score_5,0.053223397582769394,0.07450838387012482,0.1060580164194107,0.1537674516439438,0.13229653239250183,0.21264831721782684,0.21978944540023804,0.22120998799800873,0.19983746111392975,0.3210534453392029,0.31095826625823975,0.3622404932975769,0.3510657548904419,0.41194629669189453,0.4209950268268585,0.466357558965683,0.44048863649368286,0.46000704169273376,0.5297456383705139,0.5244198441505432,0.4883149564266205,0.5244189500808716,0.508886456489563,0.4924567639827728,0.47867339849472046,0.568355917930603,0.5279458165168762,0.5787225365638733,0.581119954586029,0.5750670433044434,0.5788474678993225,0.590418815612793,0.6070807576179504,0.5516917109489441,0.58035808801651,0.5733206868171692,0.6201609373092651,0.602346658706665,0.6298287510871887,0.6151049137115479,0.645732045173645,0.6502378582954407,0.5915995836257935,0.647393524646759,0.6390989422798157,0.6346591114997864,0.666686475276947,0.6253302097320557,0.630225658416748,0.5926773548126221,0.613412082195282,0.5696168541908264,0.6115620136260986,0.5962696075439453,0.5895992517471313,0.6459627151489258,0.6339550018310547,0.6802225112915039,0.6287698149681091,0.6358579993247986,0.6460087895393372,0.6371515989303589,0.6188837289810181,0.6438233852386475,0.5915343761444092,0.6445524096488953,0.6420271992683411,0.6149867177009583,0.6187472939491272,0.6209490895271301,0.6097050905227661,0.6677302122116089,0.5977434515953064,0.6415194272994995,0.6749047040939331,0.6532710790634155,0.732124924659729,0.6870825886726379,0.6741563081741333,0.6330439448356628,0.6505498886108398,0.6526263952255249,0.6974743008613586,0.6291574239730835,0.6511847376823425,0.637113094329834,0.6362558007240295,0.6474152207374573,0.6651689410209656,0.6760384440422058,0.6669092178344727,0.6249263286590576,0.6746139526367188,0.6868067979812622,0.6465803980827332,0.6764918565750122,0.6270149946212769,0.6528201699256897,0.6508460640907288,0.6669203639030457,0.6579486131668091,0.6296390891075134,0.6474006175994873,0.602833092212677,0.6392298936843872,0.6215516924858093,0.6531264781951904,0.7050308585166931,0.6619198322296143,0.6407984495162964,0.6295737028121948,0.6536896824836731,0.6321070194244385,0.6752691864967346,0.6716490387916565,0.649718701839447,0.6738594770431519,0.6579083204269409,0.6814014911651611,0.6931126117706299,0.6658480763435364,0.6623286604881287,0.6606630682945251,0.7082971930503845,0.689197838306427,0.6615220308303833,0.6727941632270813,0.7125160694122314,0.7205629944801331,0.6690771579742432,0.6977081298828125,0.6960122585296631,0.6995446085929871,0.6662087440490723,0.631584882736206,0.7113854885101318,0.6524308323860168,0.7072170972824097,0.7095637321472168,0.686810314655304,0.6822770237922668,0.7469217777252197,0.7236392498016357,0.707280158996582,0.6675734519958496,0.6999413371086121,0.6557791829109192,0.6719286441802979,0.6842415928840637,0.6883246302604675,
average,0.09395285621285439,0.08798259571194648,0.0893316000699997,0.16978447139263153,0.1763860136270523,0.23486362993717194,0.24842798411846162,0.2677212983369827,0.2867612034082413,0.336178719997406,0.35797193050384524,0.3935340642929077,0.3860595881938934,0.4032012760639191,0.44029523730278014,0.44197286367416383,0.45266602039337156,0.48114866614341734,0.476742684841156,0.5123806834220886,0.5128428697586059,0.5399466931819916,0.5144064128398895,0.5488668739795685,0.538480132818222,0.5474308490753174,0.5234433948993683,0.577949732542038,0.5693656921386718,0.5494768440723419,0.5876317381858825,0.5770053446292878,0.6037414789199829,0.5782155096530914,0.5917704582214356,0.5851968884468078,0.5928284525871277,0.5980810165405274,0.6056844353675842,0.6103045463562011,0.6169485211372375,0.6305759072303772,0.612843906879425,0.6224461913108825,0.6188022017478942,0.6015052258968353,0.6162308931350708,0.6166218161582947,0.6292600631713867,0.5958462715148926,0.6194925308227539,0.6158273339271545,0.6154124498367309,0.6247140884399414,0.6059201836585999,0.6344454407691955,0.6294685006141663,0.6341086745262146,0.6116851329803467,0.6262860417366027,0.6374345183372497,0.621773612499237,0.6388448715209961,0.6452171683311463,0.6199905753135682,0.6080598711967469,0.6299879074096679,0.6115514397621155,0.6189770936965943,0.624084186553955,0.6217650771141052,0.6426444530487061,0.6187010884284974,0.6317856431007385,0.6523037433624268,0.6406694531440735,0.642677617073059,0.6394216060638428,0.6370019793510437,0.6320136785507202,0.6308895587921143,0.6225598692893982,0.6323317885398865,0.6321003198623657,0.6507230043411255,0.5955150365829468,0.6194293856620788,0.6476746439933777,0.6293902158737182,0.6439988613128662,0.627582848072052,0.6284895181655884,0.6360579252243042,0.6381427228450776,0.6467237830162048,0.632399034500122,0.6356955885887146,0.6384652495384217,0.6419422864913941,0.6320610880851746,0.6251767635345459,0.6321050524711609,0.6338807582855225,0.5942910671234131,0.6111038327217102,0.6478694438934326,0.6421119809150696,0.6406607508659363,0.6517897009849548,0.6373796224594116,0.6222530364990234,0.6439908504486084,0.6369071483612061,0.6333524942398071,0.6620422840118408,0.6406350612640381,0.6374300599098206,0.6281803607940674,0.621067214012146,0.6473876595497131,0.6312077403068542,0.6164684653282165,0.6478605985641479,0.672667133808136,0.6523114323616028,0.6293740034103393,0.6434130191802978,0.6579861044883728,0.6597966909408569,0.6499325275421143,0.6427219033241272,0.6369640111923218,0.6423830151557922,0.6358358025550842,0.6455321431159973,0.6551602959632874,0.646080219745636,0.6712868928909301,0.6763787388801574,0.6377138614654541,0.6691433429718018,0.6723546385765076,0.6609997153282166,0.6539802312850952,0.6468853950500488,0.6383048176765442,0.6454816102981568,0.6570526361465454,0.6685587406158447,0.6521295070648193,
std,0.03468051367818628,0.024767015936313978,0.016352579244782398,0.0397206893733275,0.03679681086169106,0.03811813622565423,0.03559904232744661,0.02538250196215584,0.04825380777591568,0.050830146115146045,0.06864998628044267,0.06920023593677854,0.08353139034151874,0.06435424887919093,0.07496875804634176,0.08747966897513446,0.07465928361457012,0.09208283296771273,0.05681004332641406,0.06873031041380685,0.07741055820919909,0.05611915610407455,0.08465521613436196,0.05599011314679344,0.06398852532767313,0.09100584296232365,0.05877450230084836,0.06851642808668884,0.08004088410339494,0.05909433482812133,0.057887470181193945,0.06793215237075714,0.06790936059237068,0.08336769532244066,0.06271675978672497,0.06598177732543042,0.05007055077661315,0.04501795487338731,0.055595602779631645,0.04877341445954114,0.048307870771011306,0.08104443555925579,0.03780460476679834,0.061813630047776916,0.08364149991873111,0.06188161572243658,0.06424520386358898,0.027769464869505062,0.05154798158414955,0.06808955031405815,0.02312714777633468,0.05940400889067121,0.0528122804161571,0.03152846801075855,0.041392973887687486,0.07819159738070117,0.04092325452598909,0.07165329068778373,0.0660289239070727,0.05317889608521431,0.06214715982004377,0.046926431485886634,0.06931614969748374,0.05024535657573044,0.05077732969455431,0.054700980530755575,0.023944453525474824,0.03544697639224073,0.06785888915778603,0.05524590987087891,0.06316917856522918,0.06224905155083204,0.06304942707843977,0.07519828487751465,0.042008196908821634,0.04424424856549508,0.07573577832005407,0.06516637428479226,0.07927081370371487,0.05012908618097898,0.0494626883640863,0.06066750541901212,0.04324200042904012,0.046162244809764864,0.02610727039409126,0.05217845022666403,0.05312068105536019,0.05358341803893642,0.06604213760359491,0.052915352248560046,0.06541351616624405,0.06715109478298609,0.06236566290173146,0.08746100476942914,0.07049764794778308,0.042078050130526304,0.03409054159062287,0.05021719963273062,0.060660573814267454,0.0345410563170348,0.03810072008042622,0.05334901633494517,0.05068077270277467,0.04837094496416919,0.06169609489070264,0.0511151903021611,0.041910055183655065,0.06280697177675608,0.036582686395146266,0.04581703234669166,0.06305220237218749,0.03717376053981039,0.054789498586902324,0.08059173067223194,0.05703328065233682,0.04536540981900813,0.043004932949385316,0.025206673881540104,0.08010759509251317,0.055688490591925065,0.037580994033359634,0.03362115176063526,0.0447783951234668,0.04843254008836113,0.039914091046277425,0.05428532575251427,0.039490218067350404,0.04769468347409128,0.05172504273012806,0.060393147273280344,0.08140070091296434,0.06234379875583118,0.05961255099788017,0.0512257594769041,0.06923039671204517,0.06419721771925235,0.07789143148039897,0.05719046647823183,0.04790370384680308,0.0656701461852977,0.05484455763512514,0.059506462990442245,0.08348209728456621,0.06566525072630416,0.04186467689223906,0.06883952829383086,0.05589508635111087,0.055203436991616395,0.05288495108738782,0.06945941537437604,

